Author,Raw_Content,Cleaned_Content
UserA,The new update is absolutely great! Love the smooth controls. <br> 5 stars!,The new update is absolutely great! Love the smooth controls. 5 stars!
UserB,Check out this link https://game.com/error - the app keeps crashing completely.,Check out this link - the app keeps crashing completely.
UserC,Worst experience ever 😡. The server response timed out and lost all my progress.,Worst experience ever . The server response timed out and lost all my progress.
UserD,This is a very good and highly successful strategy for long term operations. www.strategy.com,This is a very good and highly successful strategy for long term operations.
UserE,Just checked the raw database logs for any validation error trends. Nothing found.,Just checked the raw database logs for any validation error trends. Nothing found.
UserF,Excellent code structure with perfect execution steps! Keep it up. 👍,Excellent code structure with perfect execution steps! Keep it up.
UserA,The new update is absolutely great! Love the smooth controls. <br> 5 stars!,The new update is absolutely great! Love the smooth controls. 5 stars!
UserB,Check out this link https://game.com/error - the app keeps crashing completely.,Check out this link - the app keeps crashing completely.
UserC,Worst experience ever 😡. The server response timed out and lost all my progress.,Worst experience ever . The server response timed out and lost all my progress.
UserD,This is a very good and highly successful strategy for long term operations. www.strategy.com,This is a very good and highly successful strategy for long term operations.
UserE,Just checked the raw database logs for any validation error trends. Nothing found.,Just checked the raw database logs for any validation error trends. Nothing found.
UserF,Excellent code structure with perfect execution steps! Keep it up. 👍,Excellent code structure with perfect execution steps! Keep it up.
UserA,The new update is absolutely great! Love the smooth controls. <br> 5 stars!,The new update is absolutely great! Love the smooth controls. 5 stars!
UserB,Check out this link https://game.com/error - the app keeps crashing completely.,Check out this link - the app keeps crashing completely.
UserC,Worst experience ever 😡. The server response timed out and lost all my progress.,Worst experience ever . The server response timed out and lost all my progress.
UserD,This is a very good and highly successful strategy for long term operations. www.strategy.com,This is a very good and highly successful strategy for long term operations.
UserE,Just checked the raw database logs for any validation error trends. Nothing found.,Just checked the raw database logs for any validation error trends. Nothing found.
UserF,Excellent code structure with perfect execution steps! Keep it up. 👍,Excellent code structure with perfect execution steps! Keep it up.
UserA,The new update is absolutely great! Love the smooth controls. <br> 5 stars!,The new update is absolutely great! Love the smooth controls. 5 stars!
UserB,Check out this link https://game.com/error - the app keeps crashing completely.,Check out this link - the app keeps crashing completely.
UserC,Worst experience ever 😡. The server response timed out and lost all my progress.,Worst experience ever . The server response timed out and lost all my progress.
UserD,This is a very good and highly successful strategy for long term operations. www.strategy.com,This is a very good and highly successful strategy for long term operations.
UserE,Just checked the raw database logs for any validation error trends. Nothing found.,Just checked the raw database logs for any validation error trends. Nothing found.
UserF,Excellent code structure with perfect execution steps! Keep it up. 👍,Excellent code structure with perfect execution steps! Keep it up.
UserA,The new update is absolutely great! Love the smooth controls. <br> 5 stars!,The new update is absolutely great! Love the smooth controls. 5 stars!
UserB,Check out this link https://game.com/error - the app keeps crashing completely.,Check out this link - the app keeps crashing completely.
UserC,Worst experience ever 😡. The server response timed out and lost all my progress.,Worst experience ever . The server response timed out and lost all my progress.
UserD,This is a very good and highly successful strategy for long term operations. www.strategy.com,This is a very good and highly successful strategy for long term operations.
UserE,Just checked the raw database logs for any validation error trends. Nothing found.,Just checked the raw database logs for any validation error trends. Nothing found.
UserF,Excellent code structure with perfect execution steps! Keep it up. 👍,Excellent code structure with perfect execution steps! Keep it up.
UserA,The new update is absolutely great! Love the smooth controls. <br> 5 stars!,The new update is absolutely great! Love the smooth controls. 5 stars!
UserB,Check out this link https://game.com/error - the app keeps crashing completely.,Check out this link - the app keeps crashing completely.
UserC,Worst experience ever 😡. The server response timed out and lost all my progress.,Worst experience ever . The server response timed out and lost all my progress.
UserD,This is a very good and highly successful strategy for long term operations. www.strategy.com,This is a very good and highly successful strategy for long term operations.
UserE,Just checked the raw database logs for any validation error trends. Nothing found.,Just checked the raw database logs for any validation error trends. Nothing found.
UserF,Excellent code structure with perfect execution steps! Keep it up. 👍,Excellent code structure with perfect execution steps! Keep it up.
UserA,The new update is absolutely great! Love the smooth controls. <br> 5 stars!,The new update is absolutely great! Love the smooth controls. 5 stars!
UserB,Check out this link https://game.com/error - the app keeps crashing completely.,Check out this link - the app keeps crashing completely.
UserC,Worst experience ever 😡. The server response timed out and lost all my progress.,Worst experience ever . The server response timed out and lost all my progress.
UserD,This is a very good and highly successful strategy for long term operations. www.strategy.com,This is a very good and highly successful strategy for long term operations.
UserE,Just checked the raw database logs for any validation error trends. Nothing found.,Just checked the raw database logs for any validation error trends. Nothing found.
UserF,Excellent code structure with perfect execution steps! Keep it up. 👍,Excellent code structure with perfect execution steps! Keep it up.
UserA,The new update is absolutely great! Love the smooth controls. <br> 5 stars!,The new update is absolutely great! Love the smooth controls. 5 stars!
UserB,Check out this link https://game.com/error - the app keeps crashing completely.,Check out this link - the app keeps crashing completely.
UserC,Worst experience ever 😡. The server response timed out and lost all my progress.,Worst experience ever . The server response timed out and lost all my progress.
UserD,This is a very good and highly successful strategy for long term operations. www.strategy.com,This is a very good and highly successful strategy for long term operations.
UserE,Just checked the raw database logs for any validation error trends. Nothing found.,Just checked the raw database logs for any validation error trends. Nothing found.
UserF,Excellent code structure with perfect execution steps! Keep it up. 👍,Excellent code structure with perfect execution steps! Keep it up.
UserA,The new update is absolutely great! Love the smooth controls. <br> 5 stars!,The new update is absolutely great! Love the smooth controls. 5 stars!
UserB,Check out this link https://game.com/error - the app keeps crashing completely.,Check out this link - the app keeps crashing completely.
UserC,Worst experience ever 😡. The server response timed out and lost all my progress.,Worst experience ever . The server response timed out and lost all my progress.
UserD,This is a very good and highly successful strategy for long term operations. www.strategy.com,This is a very good and highly successful strategy for long term operations.
UserE,Just checked the raw database logs for any validation error trends. Nothing found.,Just checked the raw database logs for any validation error trends. Nothing found.
UserF,Excellent code structure with perfect execution steps! Keep it up. 👍,Excellent code structure with perfect execution steps! Keep it up.
UserA,The new update is absolutely great! Love the smooth controls. <br> 5 stars!,The new update is absolutely great! Love the smooth controls. 5 stars!
UserB,Check out this link https://game.com/error - the app keeps crashing completely.,Check out this link - the app keeps crashing completely.
UserC,Worst experience ever 😡. The server response timed out and lost all my progress.,Worst experience ever . The server response timed out and lost all my progress.
UserD,This is a very good and highly successful strategy for long term operations. www.strategy.com,This is a very good and highly successful strategy for long term operations.
UserE,Just checked the raw database logs for any validation error trends. Nothing found.,Just checked the raw database logs for any validation error trends. Nothing found.
UserF,Excellent code structure with perfect execution steps! Keep it up. 👍,Excellent code structure with perfect execution steps! Keep it up.
