post,sentiment,confidence
The new update is absolutely great! Love the smooth controls. 5 stars!,Positive,0.8654919473364224
Check out this link - the app keeps crashing completely.,Positive,0.6017974205578711
Worst experience ever . The server response timed out and lost all my progress.,Positive,0.5757393774007308
This is a very good and highly successful strategy for long term operations.,Positive,0.9331341024859643
Just checked the raw database logs for any validation error trends. Nothing found.,Positive,0.7456613034980438
Excellent code structure with perfect execution steps! Keep it up.,Positive,0.9608569046744637
The new update is absolutely great! Love the smooth controls. 5 stars!,Positive,0.8654919473364224
Check out this link - the app keeps crashing completely.,Positive,0.6017974205578711
Worst experience ever . The server response timed out and lost all my progress.,Positive,0.5757393774007308
This is a very good and highly successful strategy for long term operations.,Positive,0.9331341024859643
Just checked the raw database logs for any validation error trends. Nothing found.,Positive,0.7456613034980438
Excellent code structure with perfect execution steps! Keep it up.,Positive,0.9608569046744637
The new update is absolutely great! Love the smooth controls. 5 stars!,Positive,0.8654919473364224
Check out this link - the app keeps crashing completely.,Positive,0.6017974205578711
Worst experience ever . The server response timed out and lost all my progress.,Positive,0.5757393774007308
This is a very good and highly successful strategy for long term operations.,Positive,0.9331341024859643
Just checked the raw database logs for any validation error trends. Nothing found.,Positive,0.7456613034980438
Excellent code structure with perfect execution steps! Keep it up.,Positive,0.9608569046744637
The new update is absolutely great! Love the smooth controls. 5 stars!,Positive,0.8654919473364224
Check out this link - the app keeps crashing completely.,Positive,0.6017974205578711
Worst experience ever . The server response timed out and lost all my progress.,Positive,0.5757393774007308
This is a very good and highly successful strategy for long term operations.,Positive,0.9331341024859643
Just checked the raw database logs for any validation error trends. Nothing found.,Positive,0.7456613034980438
Excellent code structure with perfect execution steps! Keep it up.,Positive,0.9608569046744637
The new update is absolutely great! Love the smooth controls. 5 stars!,Positive,0.8654919473364224
Check out this link - the app keeps crashing completely.,Positive,0.6017974205578711
Worst experience ever . The server response timed out and lost all my progress.,Positive,0.5757393774007308
This is a very good and highly successful strategy for long term operations.,Positive,0.9331341024859643
Just checked the raw database logs for any validation error trends. Nothing found.,Positive,0.7456613034980438
Excellent code structure with perfect execution steps! Keep it up.,Positive,0.9608569046744637
The new update is absolutely great! Love the smooth controls. 5 stars!,Positive,0.8654919473364224
Check out this link - the app keeps crashing completely.,Positive,0.6017974205578711
Worst experience ever . The server response timed out and lost all my progress.,Positive,0.5757393774007308
This is a very good and highly successful strategy for long term operations.,Positive,0.9331341024859643
Just checked the raw database logs for any validation error trends. Nothing found.,Positive,0.7456613034980438
Excellent code structure with perfect execution steps! Keep it up.,Positive,0.9608569046744637
The new update is absolutely great! Love the smooth controls. 5 stars!,Positive,0.8654919473364224
Check out this link - the app keeps crashing completely.,Positive,0.6017974205578711
Worst experience ever . The server response timed out and lost all my progress.,Positive,0.5757393774007308
This is a very good and highly successful strategy for long term operations.,Positive,0.9331341024859643
Just checked the raw database logs for any validation error trends. Nothing found.,Positive,0.7456613034980438
Excellent code structure with perfect execution steps! Keep it up.,Positive,0.9608569046744637
The new update is absolutely great! Love the smooth controls. 5 stars!,Positive,0.8654919473364224
Check out this link - the app keeps crashing completely.,Positive,0.6017974205578711
Worst experience ever . The server response timed out and lost all my progress.,Positive,0.5757393774007308
This is a very good and highly successful strategy for long term operations.,Positive,0.9331341024859643
Just checked the raw database logs for any validation error trends. Nothing found.,Positive,0.7456613034980438
Excellent code structure with perfect execution steps! Keep it up.,Positive,0.9608569046744637
The new update is absolutely great! Love the smooth controls. 5 stars!,Positive,0.8654919473364224
Check out this link - the app keeps crashing completely.,Positive,0.6017974205578711
Worst experience ever . The server response timed out and lost all my progress.,Positive,0.5757393774007308
This is a very good and highly successful strategy for long term operations.,Positive,0.9331341024859643
Just checked the raw database logs for any validation error trends. Nothing found.,Positive,0.7456613034980438
Excellent code structure with perfect execution steps! Keep it up.,Positive,0.9608569046744637
The new update is absolutely great! Love the smooth controls. 5 stars!,Positive,0.8654919473364224
Check out this link - the app keeps crashing completely.,Positive,0.6017974205578711
Worst experience ever . The server response timed out and lost all my progress.,Positive,0.5757393774007308
This is a very good and highly successful strategy for long term operations.,Positive,0.9331341024859643
Just checked the raw database logs for any validation error trends. Nothing found.,Positive,0.7456613034980438
Excellent code structure with perfect execution steps! Keep it up.,Positive,0.9608569046744637
